Date,Open,High,Low,Close,Adj Close,Volume,EMA_12,EMA_26,EMA_50,EMA_200,Ticker
2024-09-17,347.2099914550781,347.94000244140625,336.2699890136719,337.92999267578125,337.92999267578125,2499400,337.92999267578125,337.92999267578125,337.92999267578125,337.92999267578125,PANW
2024-09-18,336.94000244140625,337.75,328.7200012207031,329.75,329.75,2853700,336.67153226412256,337.32406729239005,337.60920864928005,337.84859971383315,PANW
2024-09-19,337.8999938964844,339.17999267578125,332.3999938964844,333.6000061035156,333.6000061035156,2403800,336.19898977787534,337.048210908029,337.45198502003444,337.8063251505464,PANW
2024-09-20,333.0,341.04998779296875,332.3299865722656,340.1199951171875,340.1199951171875,3776300,336.8022213685387,337.2757504790777,337.55661286698165,337.8293467422543,PANW
2024-09-23,339.6400146484375,345.3500061035156,337.1700134277344,344.1700134277344,344.1700134277344,2205200,337.9357278391842,337.7864366234227,337.8159619085798,337.89243795305515,PANW
2024-09-24,345.0400085449219,345.8699951171875,338.510009765625,343.5199890136719,343.5199890136719,2260500,338.7948449429515,338.2111442078856,338.0396492460344,337.94843348599665,PANW
2024-09-25,343.42999267578125,345.0,338.3599853515625,340.510009765625,340.510009765625,1788300,339.058716454132,338.3814305454959,338.1365261291556,337.97392180718697,PANW
2024-09-26,343.54998779296875,344.2699890136719,335.29998779296875,338.7300109863281,338.7300109863281,2527200,339.0081463821622,338.40725131889087,338.1598000451232,337.9814450826013,PANW
2024-09-27,338.8699951171875,339.9599914550781,334.5,335.75,335.75,1759600,338.5068930925987,338.2104178878619,338.06529808256937,337.9592416489436,PANW
2024-09-30,335.1700134277344,343.42999267578125,335.0,341.79998779296875,341.79998779296875,2569900,339.0135230465018,338.47631195490686,338.21175650258505,337.99745802848616,PANW
2024-10-01,341.6000061035156,341.7799987792969,328.25,329.2900085449219,329.2900085449219,2703000,337.51759773856645,337.7958450356487,337.8618840336571,337.9108167400925,PANW
2024-10-02,330.54998779296875,337.6199951171875,328.54998779296875,332.1300048828125,332.1300048828125,2052600,336.68873729921967,337.37615317247565,337.63710445911414,337.85329622409967,PANW
2024-10-03,329.9599914550781,336.69000244140625,328.9100036621094,335.94000244140625,335.94000244140625,2010300,336.57354732109457,337.26977163684086,337.5705514388119,337.83425847501815,PANW
2024-10-04,342.0,342.9599914550781,335.5899963378906,342.3599853515625,342.3599853515625,2036400,337.46376855655114,337.646824504598,337.7583723765668,337.8792905832425,PANW
2024-10-07,340.6199951171875,345.55999755859375,336.80999755859375,337.94000244140625,337.94000244140625,2399600,337.5370353080673,337.66854138880603,337.7654951242076,337.8798946813337,PANW
2024-10-08,345.3999938964844,357.0,345.0,355.1300048828125,355.1300048828125,3318500,340.24364601187426,338.9619831291028,338.44645629121175,338.05153756891065,PANW
2024-10-09,355.1300048828125,363.55999755859375,355.0,362.8699951171875,362.8699951171875,2459200,343.72462279730706,340.73294698007203,339.4042421275245,338.2984873952617,PANW
2024-10-10,360.0,369.7900085449219,360.0,369.3999938964844,369.3999938964844,2226200,347.6746798894882,342.8564319368433,340.58054611846416,338.6079551216421,PANW
2024-10-11,369.010009765625,378.3299865722656,368.95001220703125,373.20001220703125,373.20001220703125,2298000,351.60165409218706,345.1041045494498,341.85974086703544,338.952154694631,PANW
2024-10-14,376.989990234375,377.1300048828125,369.7900085449219,373.9100036621094,373.9100036621094,1494900,355.0337078721751,347.2378748540913,343.1166139178227,339.2999939878398,PANW
2024-10-15,373.04998779296875,376.32000732421875,370.010009765625,374.44000244140625,374.44000244140625,3729000,358.01929165205684,349.25284726796644,344.34498209521814,339.64964581324847,PANW
2024-10-16,374.44000244140625,374.5400085449219,367.4100036621094,373.2300109863281,373.2300109863281,3083400,360.3594023188678,351.02893346932655,345.4777283262421,339.9837788000453,PANW
2024-10-17,372.0,379.7300109863281,370.3299865722656,376.1499938964844,376.1499938964844,1547600,362.7887241000396,352.88975276022717,346.68056227017314,340.3436416368258,PANW
2024-10-18,373.2099914550781,376.0,372.6400146484375,374.8299865722656,374.8299865722656,1450000,364.6412260188436,354.5149552648226,347.78446126241204,340.6867893476262,PANW
2024-10-21,374.9700012207031,384.0,373.0299987792969,378.4100036621094,378.4100036621094,2181300,366.75949950242295,356.2849588498068,348.98546292514527,341.06214471393946,PANW
2024-10-22,374.7200012207031,379.2699890136719,371.30999755859375,376.1000061035156,376.1000061035156,1583700,368.1965005179757,357.7527401278593,350.04877834390487,341.41078015065165,PANW
2024-10-23,373.55999755859375,374.1499938964844,357.5799865722656,358.19000244140625,358.19000244140625,2701100,366.6570392754266,357.7851299288628,350.368042034003,341.5777375863806,PANW
2024-10-24,360.7099914550781,366.510009765625,360.1499938964844,364.5799865722656,364.5799865722656,1484900,366.3374927057095,358.28845264318886,350.92537319236624,341.8066156857426,PANW
2024-10-25,367.7300109863281,372.3999938964844,365.739990234375,366.44000244140625,366.44000244140625,1347200,366.35326343427823,358.8922711467605,351.533790025662,342.05172401166965,PANW
2024-10-28,368.0,368.9100036621094,361.42999267578125,362.3500061035156,362.3500061035156,1563300,365.73737769108396,359.1483996620757,351.95795536204844,342.25369696780746,PANW
2024-10-29,361.7699890136719,367.4700012207031,357.7900085449219,365.3900146484375,365.3900146484375,2205100,365.68393722298447,359.61074151291734,352.48470278504413,342.4839090840327,PANW
2024-10-30,364.3399963378906,367.8800048828125,358.69000244140625,359.510009765625,359.510009765625,1470200,364.7341022295446,359.6032799020068,352.76020501957674,342.653323021163,PANW
2024-10-31,364.67999267578125,369.3800048828125,358.20001220703125,360.3299865722656,360.3299865722656,2032000,364.0565459745786,359.6571100257297,353.05705919811356,342.8292102206765,PANW
2024-11-01,359.0299987792969,365.7699890136719,357.1000061035156,362.6400146484375,362.6400146484375,2925900,363.8386180782492,359.8780659237081,353.43286137263607,343.02633265279354,PANW
2024-11-04,360.6499938964844,363.8800048828125,356.0,361.1199951171875,361.1199951171875,1532400,363.420368391932,359.97006067878067,353.7343175979126,343.20636909522534,PANW
2024-11-05,364.489990234375,368.489990234375,362.20001220703125,366.2900085449219,366.2900085449219,1353700,363.861851492392,360.4382049651615,354.22669763505024,343.4360570499487,PANW
2024-11-06,378.0,386.20001220703125,376.0,385.17999267578125,385.17999267578125,2515700,367.1415655206057,362.27092998076296,355.4405523425299,343.85141959348937,PANW
2024-11-07,378.5899963378906,387.2099914550781,376.2200012207031,387.0,387.0,2105300,370.19670928666636,364.1027129451509,356.67817774086205,344.2807587020119,PANW
2024-11-08,389.0,393.2099914550781,384.2699890136719,391.3999938964844,391.3999938964844,2058300,373.4587530727922,366.1247337563608,358.03981759010213,344.7496068133997,PANW
2024-11-11,395.6600036621094,400.69000244140625,393.70001220703125,398.1000061035156,398.1000061035156,1880500,377.2497150775189,368.49327244874263,359.6108053749419,345.28045655757995,PANW
2024-11-12,395.760009765625,399.30999755859375,393.9700012207031,398.0199890136719,398.0199890136719,1851400,380.44514183692706,370.6804366387374,361.1170478705784,345.80522802480476,PANW
2024-11-13,399.2799987792969,408.5299987792969,397.30999755859375,402.3599853515625,402.3599853515625,1964700,383.81665622379404,373.0270698767244,362.7344179678719,346.3679619285536,PANW
2024-11-14,402.1099853515625,403.1600036621094,394.0299987792969,394.3900146484375,394.3900146484375,2428900,385.4433267506622,374.60951023018464,363.97581391612937,346.84579329890073,PANW
2024-11-15,389.44000244140625,392.5,385.57000732421875,387.0,387.0,2202600,385.68281494286805,375.52732428720805,364.8787231743204,347.2453376441853,PANW
2024-09-17,505.8599853515625,507.6000061035156,496.2699890136719,502.25,502.25,1424600,502.25,502.25,502.25,502.25,SNPS
2024-09-18,506.489990234375,506.8500061035156,493.0899963378906,495.95001220703125,495.95001220703125,1075100,501.28077110877405,501.7833342375579,502.0029416551777,502.18731355429884,SNPS
2024-09-19,517.1799926757812,521.4299926757812,510.69000244140625,514.1199951171875,514.1199951171875,1269300,503.2560363408376,502.6971609693823,502.4781202223154,502.30604670417836,SNPS
2024-09-20,510.70001220703125,513.1300048828125,502.5,506.6499938964844,506.6499938964844,1582600,503.77818365709095,502.9899634084269,502.64172311149855,502.3492700593257,SNPS
2024-09-23,507.4100036621094,509.9200134277344,505.2900085449219,505.7900085449219,505.7900085449219,731900,504.0876951782957,503.19737415927835,502.76518528535826,502.38350626316253,SNPS
2024-09-24,507.69000244140625,510.9599914550781,497.1600036621094,506.8299865722656,506.8299865722656,1017000,504.5095861619834,503.4664565602404,502.92458925739385,502.4277498483277,SNPS
2024-09-25,506.0199890136719,511.7900085449219,503.82000732421875,510.3599853515625,510.3599853515625,838200,505.40964757576484,503.9770883225605,503.2161734179495,502.5066775647778,SNPS
2024-09-26,523.97998046875,525.489990234375,509.20001220703125,515.4000244140625,515.4000244140625,891200,506.94662862781064,504.82323173674587,503.6939714962284,502.63496957322843,SNPS
2024-09-27,519.1400146484375,519.1400146484375,509.0799865722656,513.3099975585938,513.3099975585938,528300,507.9256084633157,505.4518810568827,504.07107055749765,502.74118875716243,SNPS
2024-09-30,511.4800109863281,511.4800109863281,502.1000061035156,506.3900146484375,506.3900146484375,834700,507.68936326102676,505.5213724340349,504.1620095414561,502.7774954824488,SNPS
2024-10-01,507.5400085449219,508.3599853515625,490.55999755859375,495.55999755859375,495.55999755859375,1117100,505.823306999114,504.7834928136319,503.8246757382066,502.70567958270897,SNPS
2024-10-02,493.9100036621094,506.2699890136719,493.2799987792969,496.82000732421875,496.82000732421875,645000,504.438183972207,504.1936049996013,503.5499828592267,502.64711567963946,SNPS
2024-10-03,490.5799865722656,499.1499938964844,490.5799865722656,495.4100036621094,495.4100036621094,865200,503.0492331552689,503.5429678634908,503.2307679887515,502.5751046147884,SNPS
2024-10-04,509.6199951171875,510.29998779296875,496.1000061035156,499.1199951171875,499.1199951171875,637000,502.4447349955641,503.2153402526535,503.06956120947444,502.5407254158073,SNPS
2024-10-07,493.0,497.1400146484375,489.45001220703125,494.8699951171875,494.8699951171875,826400,501.27939039889077,502.5971665389153,502.74800959801223,502.4643997411942,SNPS
2024-10-08,498.70001220703125,518.1699829101562,498.239990234375,517.760009765625,517.760009765625,1151300,503.81487030146525,503.7203401112642,503.3367154869382,502.61659486581544,SNPS
2024-10-09,517.3699951171875,530.4000244140625,516.3900146484375,529.0,529.0,936200,507.68950563970134,505.59290751042977,504.34311880117593,502.8791163099367,SNPS
2024-10-10,526.0800170898438,536.4199829101562,525.3400268554688,533.0800170898438,533.0800170898438,931900,511.5957381704925,507.62898970149746,505.47005598896686,503.17962278535873,SNPS
2024-10-11,531.97998046875,541.22998046875,530.0,539.9199829101562,539.9199829101562,825900,515.9533142842869,510.02091512436107,506.821033515288,503.5451985079936,SNPS
2024-10-14,544.3099975585938,547.1300048828125,541.6400146484375,545.4600219726562,545.4600219726562,931600,520.4928077748052,512.6460341501607,508.3362879645965,503.96226142804,SNPS
2024-10-15,548.2999877929688,550.5900268554688,515.6900024414062,517.5599975585938,517.5599975585938,1493500,520.0416062030804,513.0100314396743,508.6980020663219,504.09756228506046,SNPS
2024-10-16,515.969970703125,515.969970703125,495.5,501.3500061035156,501.3500061035156,1661800,517.165975418532,512.1463258592181,508.4098453618982,504.07022341758244,SNPS
2024-10-17,511.239990234375,514.719970703125,501.5,504.69000244140625,504.69000244140625,1124600,515.2465949605127,511.59400560604684,508.26396916893776,504.0763903730434,SNPS
2024-10-18,500.6499938964844,513.6799926757812,499.04998779296875,507.0299987792969,507.0299987792969,862600,513.9825032403256,511.25593102628756,508.2155781732656,504.10577951141414,SNPS
2024-10-21,501.92999267578125,507.5,501.1199951171875,505.5899963378906,505.5899963378906,820300,512.6913483322587,510.8362321604804,508.1126141797215,504.1205478380458,SNPS
2024-10-22,500.8999938964844,503.54998779296875,495.3900146484375,502.4100036621094,502.4100036621094,771100,511.1096029983896,510.212067086527,507.8889823947171,504.10352749798676,SNPS
2024-10-23,498.1400146484375,502.4200134277344,489.7699890136719,493.4100036621094,493.4100036621094,653300,508.38658771588496,508.9674697958294,507.3211793071639,503.9971242757393,SNPS
2024-10-24,497.07000732421875,500.6499938964844,491.1199951171875,495.25,495.25,662000,506.3655742211334,507.9513609220642,506.84779972649085,503.91008821329416,SNPS
2024-10-25,500.2200012207031,508.3599853515625,498.6300048828125,501.5799865722656,501.5799865722656,639700,505.62932996746144,507.4794072665236,506.64121881848206,503.88690312233865,SNPS
2024-10-28,505.1600036621094,505.2099914550781,495.9100036621094,496.17999267578125,496.17999267578125,638100,504.1755857687414,506.64241359313525,506.23097465602325,503.81021744625355,SNPS
2024-10-29,511.0,531.3800048828125,509.3500061035156,529.2100219726562,529.2100219726562,1266900,508.0270374924206,508.31408828791456,507.13211376647945,504.0629518196506,SNPS
2024-10-30,526.2000122070312,536.8699951171875,523.280029296875,536.4199829101562,536.4199829101562,1240200,512.395182941303,510.39600640808067,508.2806576544668,504.38491232801385,SNPS
2024-10-31,531.969970703125,531.969970703125,512.8300170898438,513.6099853515625,513.6099853515625,1211100,512.5820756198044,510.6340789224127,508.48965089749015,504.47670409939246,SNPS
2024-11-01,508.8299865722656,521.5999755859375,508.8299865722656,518.4000244140625,518.4000244140625,901500,513.4771446650749,511.2093341440164,508.87829299617925,504.61524460003596,SNPS
2024-11-04,521.5999755859375,527.25,516.97998046875,524.52001953125,524.52001953125,583000,515.1760484906403,512.195310839367,509.49169403677024,504.8133020620381,SNPS
2024-11-05,527.3499755859375,532.3599853515625,521.1500244140625,521.97998046875,521.97998046875,627500,516.2228072565033,512.9201011822843,509.98143075959297,504.9841147825029,SNPS
2024-11-06,536.4000244140625,554.8400268554688,534.2899780273438,553.1500244140625,553.1500244140625,1318600,521.9039175884354,515.9000954957493,511.67431678525844,505.46337756490647,SNPS
2024-11-07,560.0,574.6400146484375,557.8200073242188,573.5900268554688,573.5900268554688,1114700,529.8556267064406,520.1734237446174,514.1023838468353,506.14125467227524,SNPS
2024-11-08,573.8400268554688,573.8400268554688,559.9000244140625,561.5499877929688,561.5499877929688,967100,534.7316822582142,523.2383544148656,515.9630741976641,506.6925853500931,SNPS
2024-11-11,559.5,561.5499877929688,553.2899780273438,556.260009765625,556.260009765625,617400,538.0437326439696,525.6844029593663,517.5433461807214,507.1857935532327,SNPS
2024-11-12,551.2999877929688,555.8699951171875,548.739990234375,553.469970703125,553.469970703125,607200,540.4170000376859,527.7425931626076,518.9522334168942,507.64633262935104,SNPS
2024-11-13,550.260009765625,567.010009765625,550.0800170898438,557.9600219726562,557.9600219726562,635800,543.1159264892198,529.9809212226112,520.4819506151593,508.14696635416004,SNPS
2024-11-14,555.1799926757812,557.4099731445312,541.6599731445312,548.3099975585938,548.3099975585938,795900,543.9150143460465,531.338630580832,521.5732465737254,508.54659850544795,SNPS
2024-11-15,542.1400146484375,542.1400146484375,519.6599731445312,520.75,520.75,1025700,540.3511659851163,530.5542875748445,521.5409623943636,508.66802538599075,SNPS
2024-09-17,165.49000549316406,166.02000427246094,160.6999969482422,162.47000122070312,161.9373779296875,19844300,162.47000122070312,162.47000122070312,162.47000122070312,162.47000122070312,AVGO
2024-09-18,163.77000427246094,167.47000122070312,161.36000061035156,161.6699981689453,161.13999938964844,26557600,162.346923828125,162.41074173538775,162.43862855200675,162.46204099133243,AVGO
2024-09-19,167.67999267578125,170.0,165.66000366210938,167.4199981689453,167.4199981689453,32453100,163.1273968036358,162.78179776750312,162.633976380122,162.51137389857237,AVGO
2024-09-20,167.17999267578125,172.02000427246094,166.47000122070312,171.10000610351562,171.10000610351562,91758500,164.35395208054038,163.3979613479485,162.96597754574526,162.59683292548723,AVGO
2024-09-23,172.0,173.32000732421875,168.35000610351562,172.94000244140625,172.94000244140625,29431100,165.674882905289,164.10477920672315,163.35711577694767,162.69975003509836,AVGO
2024-09-24,172.80999755859375,175.99000549316406,171.67999267578125,174.83999633789062,174.83999633789062,34223400,167.08490035645846,164.89998047569853,163.80742481855327,162.8205485057729,AVGO
2024-09-25,174.64999389648438,177.13999938964844,173.75999450683594,175.52000427246094,175.52000427246094,16613800,168.38260865122805,165.68664890508836,164.26674165988297,162.94691124972005,AVGO
2024-09-26,178.5,180.25,175.0,178.08999633789062,178.08999633789062,24340000,169.8760529107146,166.60541538159222,164.80883007862838,163.09758871328393,AVGO
2024-09-27,178.1699981689453,178.47000122070312,171.75999450683594,172.69000244140625,172.69000244140625,20580900,170.30896822312872,167.05612553417106,165.1178956614824,163.1930356160513,AVGO
2024-09-30,171.8699951171875,172.9199981689453,169.6300048828125,172.5,172.5,16902000,170.64605003495507,167.45937549460282,165.4073899492674,163.28564222683687,AVGO
2024-10-01,172.16000366210938,172.25,165.8000030517578,167.47000122070312,167.47000122070312,23770400,170.15742714045476,167.46016258542505,165.4882766657943,163.32727763971118,AVGO
2024-10-02,167.5500030517578,172.83999633789062,167.02000427246094,170.66000366210938,170.66000366210938,14317800,170.23474660532472,167.69718785036463,165.6910894891792,163.40024008769524,AVGO
2024-10-03,169.6199951171875,174.94000244140625,169.19000244140625,171.88999938964844,171.88999938964844,13072300,170.48940087983607,168.00776648290417,165.93418399507996,163.4847153046301,AVGO
2024-10-04,176.3000030517578,176.89999389648438,172.60000610351562,176.63999938964844,176.63999938964844,17921400,171.4356468044226,168.647191142663,166.35401989290617,163.61561365373478,AVGO
2024-10-07,174.82000732421875,178.30999755859375,173.86000061035156,175.0800018310547,175.0800018310547,15588300,171.99631680851982,169.12369563809943,166.69621526302964,163.729687167937,AVGO
2024-10-08,175.4199981689453,181.60000610351562,174.88999938964844,180.72999572753906,180.72999572753906,20774200,173.33995971913816,169.98342157065053,167.24655959497122,163.8988444670375,AVGO
2024-10-09,179.24000549316406,186.4199981689453,176.4199981689453,185.9499969482422,185.9499969482422,25504100,175.27996544669261,171.16613085787955,167.98002772647203,164.1182589195868,AVGO
2024-10-10,183.55999755859375,186.30999755859375,182.52999877929688,185.69000244140625,185.69000244140625,16318000,176.8815095997255,172.24197319740006,168.6745365388224,164.33290313373425,AVGO
2024-10-11,181.13999938964844,182.58999633789062,177.39999389648438,181.47999572753906,181.47999572753906,23070000,177.58896900400453,172.92627116259553,169.17671140896817,164.50352097048855,AVGO
2024-10-14,183.3000030517578,184.9499969482422,180.1300048828125,182.30999755859375,182.30999755859375,17195800,178.31528108932594,173.62136200674354,169.69174223836526,164.680699842012,AVGO
2024-10-15,180.7899932861328,181.6999969482422,173.3699951171875,175.97999572753906,175.97999572753906,27657500,177.9560064182818,173.79607561569134,169.9383404144113,164.7931306468431,AVGO
2024-10-16,178.50999450683594,179.25,175.3300018310547,176.82000732421875,176.82000732421875,15285100,177.7812373268875,174.02007055706375,170.208209704992,164.91280106154338,AVGO
2024-10-17,181.3699951171875,185.50999450683594,180.69000244140625,181.52999877929688,181.52999877929688,25232400,178.3579698580274,174.57636153648843,170.6522014333961,165.0781463124663,AVGO
2024-10-18,182.32000732421875,182.7100067138672,178.67999267578125,179.88999938964844,179.88999938964844,17835200,178.593666709046,174.96996434042623,171.0144680199158,165.22552793512483,AVGO
2024-10-21,179.3800048828125,181.72000122070312,178.25,179.99000549316406,179.99000549316406,13695100,178.80848806044878,175.34181924062904,171.3664498816118,165.37243815958294,AVGO
2024-10-22,178.66000366210938,180.69000244140625,177.41000366210938,179.3800048828125,179.3800048828125,12062600,178.8964137254278,175.640944103013,171.68070694048242,165.51181693294842,AVGO
2024-10-23,177.58999633789062,178.97999572753906,172.57000732421875,173.50999450683594,173.50999450683594,19513700,178.06773384564443,175.48309598477766,171.7524437077904,165.59140078940501,AVGO
2024-10-24,174.25999450683594,174.3000030517578,169.5,171.35000610351562,171.35000610351562,20485200,177.0342372699323,175.17694117875826,171.73666184095612,165.6487003447693,AVGO
2024-10-25,174.19000244140625,176.8000030517578,172.72000122070312,173.0,173.0,19977700,176.4135853822504,175.015686276628,171.78620451385981,165.72184760502037,AVGO
2024-10-28,173.0,173.97000122070312,171.35000610351562,172.02000427246094,172.02000427246094,13195800,175.73764982689818,174.79378390594897,171.79537313184417,165.78451583056705,AVGO
2024-10-29,172.44000244140625,180.22999572753906,171.2100067138672,179.24000549316406,179.24000549316406,23702300,176.27647377555448,175.1231336531501,172.08731949895477,165.91840129984664,AVGO
2024-10-30,177.47000122070312,179.19000244140625,175.6199951171875,176.63999938964844,176.63999938964844,17911500,176.33240079310738,175.23549407807587,172.2658559652565,166.02508386790439,AVGO
2024-10-31,174.4499969482422,174.4499969482422,167.3800048828125,169.77000427246094,169.77000427246094,26086600,175.32280132839253,174.83064298136364,172.16797942828413,166.06234675750198,AVGO
2024-11-01,168.25999450683594,171.3300018310547,167.5,168.9199981689453,168.9199981689453,17847000,174.33775468847756,174.39281743970304,172.04060761419242,166.0907810999044,AVGO
2024-11-04,169.27999877929688,172.4499969482422,168.4199981689453,168.5500030517578,168.5500030517578,13621300,173.44733135975144,173.9600163739293,171.90372116076364,166.1152509700721,AVGO
2024-11-05,170.0500030517578,174.39999389648438,170.0500030517578,173.89999389648438,173.89999389648438,13441800,173.51697175001806,173.95557026448895,171.98200636608604,166.19271109869314,AVGO
2024-11-06,179.6300048828125,180.2100067138672,175.9600067138672,179.5500030517578,179.5500030517578,24300800,174.44513041182418,174.36997269317555,172.27879054983788,166.3256194763356,AVGO
2024-11-07,181.99000549316406,184.8699951171875,181.7899932861328,183.80999755859375,183.80999755859375,18970600,175.8858792036349,175.06923379431765,172.73099474625968,166.49959338760183,AVGO
2024-11-08,182.99000549316406,185.0500030517578,181.8300018310547,183.63999938964844,183.63999938964844,13503200,177.0788207707139,175.7041053198977,173.158798849922,166.67014469110478,AVGO
2024-11-11,183.39999389648438,183.6300048828125,176.82000732421875,178.91000366210938,178.91000366210938,17036700,177.36054121554395,175.94157927117263,173.3843362935372,166.79193433260733,AVGO
2024-11-12,178.89999389648438,179.55999755859375,173.1999969482422,176.22000122070312,176.22000122070312,15862000,177.18507352402997,175.962203119286,173.49553883970057,166.88574594343416,AVGO
2024-11-13,174.7100067138672,175.58999633789062,172.60000610351562,173.5800018310547,173.5800018310547,17472500,176.63044710972608,175.7857437646022,173.49885111387132,166.95235545475379,AVGO
2024-11-14,174.77000427246094,175.57000732421875,169.8699951171875,170.3800048828125,170.3800048828125,20638900,175.66884061327784,175.38531866224739,173.37654341853568,166.98646141921208,AVGO
2024-11-15,168.47000122070312,169.13999938964844,163.42999267578125,164.83999633789062,164.83999633789062,20819200,174.0028645709106,174.604183675258,173.04177686635353,166.96510355770639,AVGO
2024-09-17,275.9800109863281,279.3299865722656,274.010009765625,274.7900085449219,274.7900085449219,1910600,274.7900085449219,274.7900085449219,274.7900085449219,274.7900085449219,CDNS
2024-09-18,275.1600036621094,276.70001220703125,269.4700012207031,269.69000244140625,269.69000244140625,1423800,274.0053922213041,274.4122303150318,274.59000830556835,274.73926221553364,CDNS
2024-09-19,283.3900146484375,284.95001220703125,279.8599853515625,280.3500061035156,280.3500061035156,1688300,274.9814866647213,274.8520655586232,274.8158905721545,274.79509051292655,CDNS
2024-09-20,278.5799865722656,279.9700012207031,273.5400085449219,273.760009765625,273.760009765625,2983900,274.7935671417834,274.77117253691966,274.77448348170236,274.78479120200814,CDNS
2024-09-23,274.6400146484375,276.9599914550781,273.6499938964844,274.0799865722656,274.0799865722656,1122100,274.68378551570373,274.71997357657494,274.7472483087833,274.7777782206177,CDNS
2024-09-24,274.760009765625,276.17999267578125,270.6700134277344,273.32000732421875,273.32000732421875,1443900,274.4739734862445,274.6162723726967,274.6912780740945,274.7632730375689,CDNS
2024-09-25,268.3699951171875,272.1400146484375,268.3699951171875,271.79998779296875,271.79998779296875,1627200,274.0625910718944,274.4076587001243,274.57789414150136,274.73378761224956,CDNS
2024-09-26,280.3900146484375,280.92999267578125,272.19000244140625,274.2300109863281,274.2300109863281,1498000,274.0883479818073,274.3944996102135,274.5642516648279,274.72877490950407,CDNS
2024-09-27,275.19000244140625,275.8900146484375,271.010009765625,274.1300048828125,274.1300048828125,1180700,274.0947567358081,274.3749074081838,274.5472223792587,274.72281699879073,CDNS
2024-09-30,272.1300048828125,272.6600036621094,268.17999267578125,271.0299987792969,271.0299987792969,1773900,273.6232555117295,274.1271363986366,274.40929204200535,274.6860725388953,CDNS
2024-10-01,273.44000244140625,274.3500061035156,263.0299987792969,263.32000732421875,263.32000732421875,1904500,272.03814040595864,273.3266083190501,273.9744181315039,274.5729773626299,CDNS
2024-10-02,262.25,269.760009765625,262.25,267.010009765625,267.010009765625,1202100,271.2645818459073,272.8587121299075,273.70130407794005,274.4977239537045,CDNS
2024-10-03,264.3800048828125,268.6300048828125,264.3800048828125,265.7900085449219,265.7900085449219,1123100,270.42233979960184,272.33510445694554,273.3910571942923,274.4110800192888,CDNS
2024-10-04,272.4100036621094,272.8699951171875,266.510009765625,268.6499938964844,268.6499938964844,1095800,270.1496711991222,272.06213330431876,273.20513314339786,274.35375577926095,CDNS
2024-10-07,265.2099914550781,266.17999267578125,261.3399963378906,262.8599853515625,262.8599853515625,1249100,269.02818106872843,271.3804927152257,272.79944107312986,274.2393899043585,CDNS
2024-10-08,263.57000732421875,270.7799987792969,263.57000732421875,270.1499938964844,270.1499938964844,1685500,269.20076765761394,271.2893446545782,272.6955411838496,274.19869939681746,CDNS
2024-10-09,270.5899963378906,280.2099914550781,268.6099853515625,279.55999755859375,279.55999755859375,1437900,270.7944953346877,271.9019856104312,272.9647355514867,274.2520456471834,CDNS
2024-10-10,277.1300048828125,281.5199890136719,276.8399963378906,280.6400146484375,280.6400146484375,1046300,272.3091906137262,272.5492470206539,273.265726888622,274.31560752779296,CDNS
2024-10-11,280.4700012207031,283.1400146484375,279.2200012207031,282.3900146484375,282.3900146484375,1386300,273.86008661906635,273.27819277086013,273.62354209488933,274.3959498872024,CDNS
2024-10-14,284.7300109863281,285.0,280.8699951171875,282.1400146484375,282.1400146484375,1318900,275.1339217005081,273.93462402105104,273.9575214107147,274.47300525796095,CDNS
2024-10-15,283.6600036621094,284.3500061035156,268.8599853515625,269.4700012207031,269.4700012207031,2477200,274.2625493189996,273.60391122102527,273.78154022679274,274.4232241232619,CDNS
2024-10-16,270.760009765625,271.9100036621094,262.4599914550781,262.95001220703125,262.95001220703125,2151500,272.5221589940814,272.814733516285,273.35677442209624,274.3090628106626,CDNS
2024-10-17,268.7300109863281,268.8800048828125,262.8500061035156,263.0299987792969,263.0299987792969,2235500,271.06182665334535,272.0899383505822,272.951802828261,274.19683331781323,CDNS
2024-10-18,263.2300109863281,265.1199951171875,258.25,258.5199890136719,258.5199890136719,4062600,269.1323131703187,271.0847569182185,272.38584934533594,274.04084481727455,CDNS
2024-10-21,256.0,258.1300048828125,252.7100067138672,253.14999389648438,253.14999389648438,2828400,266.67349482049804,269.75625595364556,271.631502072832,273.83297565388364,CDNS
2024-10-22,252.0,252.99000549316406,246.60000610351562,251.50999450683594,251.50999450683594,2923800,264.3406486183962,268.40468103165966,270.84242334475374,273.61085643849015,CDNS
2024-10-23,249.72999572753906,251.22999572753906,246.9199981689453,249.08999633789062,249.08999633789062,1754200,261.9943944213953,266.973963646936,269.9893869915434,273.3668677807728,CDNS
2024-10-24,251.0500030517578,251.8699951171875,247.4600067138672,251.27999877929688,251.27999877929688,1792200,260.34602586107246,265.81144773081456,269.255685493024,273.14709793996207,CDNS
2024-10-25,254.19000244140625,260.0899963378906,254.19000244140625,257.29998779296875,257.29998779296875,2024700,259.8774046198257,265.18096921690005,268.78683460282576,272.98941525193226,CDNS
2024-10-28,258.7200012207031,258.8999938964844,251.80999755859375,252.77000427246094,252.77000427246094,3171300,258.7839584125388,264.26163848027494,268.1587236094781,272.7882270829823,CDNS
2024-10-29,274.94000244140625,287.0199890136719,271.989990234375,284.45001220703125,284.45001220703125,5991300,262.73258207323,265.7570735711458,268.79759767212727,272.90426474590816,CDNS
2024-10-30,280.5,290.20001220703125,278.7699890136719,290.0,290.0,3454500,266.92756944657924,267.55284589920905,269.6290644300831,273.07437156435685,CDNS
2024-10-31,287.44000244140625,288.489990234375,276.07000732421875,276.1199951171875,276.1199951171875,2785500,268.341788780519,268.1874495449852,269.8836107315381,273.10467627632534,CDNS
2024-11-01,276.0,283.0,275.4200134277344,282.0899963378906,282.0899963378906,1897200,270.4568976354992,269.2172678259412,270.36229252002255,273.1940824460922,CDNS
2024-11-04,284.5199890136719,291.95001220703125,282.6000061035156,289.3399963378906,289.3399963378906,2496900,273.36198974355943,270.7078403083078,271.1065161991546,273.35473830571203,CDNS
2024-11-05,289.760009765625,294.7799987792969,289.5,291.2099914550781,291.2099914550781,1964900,276.10783616071615,272.22651817103156,271.8948877778183,273.5324025161535,CDNS
2024-11-06,298.0,305.0,293.6000061035156,296.75,296.75,2756700,279.2835536744521,274.04307238058476,272.86959806104113,273.7634233866396,CDNS
2024-11-07,298.7300109863281,304.3500061035156,297.7300109863281,301.7200012207031,301.7200012207031,1509000,282.73531483541376,276.09321525763056,274.0009864202436,274.04159829046114,CDNS
2024-11-08,303.4800109863281,305.5199890136719,299.4700012207031,301.25,301.25,1242800,285.5837279376578,277.9566807941024,275.0695751880772,274.3123286557302,CDNS
2024-11-11,300.4800109863281,301.25,296.2900085449219,300.8999938964844,300.8999938964844,1178100,287.94007654670804,279.65618546835293,276.08253278448535,274.5768825387228,CDNS
2024-11-12,301.260009765625,301.7699890136719,295.510009765625,297.7699890136719,297.7699890136719,1227600,289.4523707723948,280.99794869393213,276.9330212640613,274.8076597175781,CDNS
2024-11-13,295.67999267578125,309.9599914550781,295.6400146484375,306.4700012207031,306.4700012207031,2149300,292.07046776444224,282.88476739961885,278.0913342035375,275.12270789173857,CDNS
2024-11-14,304.4599914550781,306.19000244140625,299.6400146484375,303.0400085449219,303.0400085449219,1612500,293.75808942297755,284.37774822519685,279.06971358947413,275.40049197783986,CDNS
2024-11-15,298.45001220703125,298.5799865722656,287.489990234375,289.7099914550781,289.7099914550781,1583200,293.1353051202238,284.77272920518806,279.4869793881253,275.5428750572154,CDNS
2024-09-17,170.27999877929688,170.63999938964844,166.77000427246094,167.47000122070312,167.0942840576172,12580100,167.47000122070312,167.47000122070312,167.47000122070312,167.47000122070312,ORCL
2024-09-18,167.6199951171875,167.6199951171875,163.72999572753906,164.52999877929688,164.16087341308594,12274400,167.01769315279446,167.25222326208043,167.35470700731466,167.44074746506723,ORCL
2024-09-19,167.25,168.16000366210938,164.50999450683594,167.58999633789062,167.21400451660156,10075900,167.1057397966554,167.27724348991822,167.3639340398863,167.44223252847843,ORCL
2024-09-20,167.1300048828125,168.8300018310547,166.60000610351562,168.0,167.6230926513672,12187700,167.24331828947763,167.3307810091835,167.388877803028,167.4477824535682,ORCL
2024-09-23,167.22999572753906,167.3300018310547,164.25999450683594,165.9499969482422,165.5776824951172,7916100,167.0443457754414,167.22850070837305,167.33245110284034,167.43287911520676,ORCL
2024-09-24,165.74000549316406,166.10000610351562,163.9199981689453,165.8000030517578,165.4280242919922,6155100,166.85290843333624,167.1226860671423,167.2723551008371,167.41663159218737,ORCL
2024-09-25,167.69000244140625,168.75,165.66000366210938,166.27999877929688,165.90695190429688,7142400,166.76476848656094,167.06026478656116,167.23343916665905,167.40532181295464,ORCL
2024-09-26,167.64999389648438,168.36000061035156,166.47999572753906,168.10000610351562,167.72286987304688,7096800,166.97018965840013,167.13728266189113,167.26742218379067,167.41223409445277,ORCL
2024-09-27,168.08999633789062,169.11000061035156,166.50999450683594,168.74000549316406,168.36143493652344,8974400,167.2424690175946,167.25600287161507,167.32517054886415,167.42544575016134,ORCL
2024-09-30,169.5,170.52000427246094,166.4499969482422,170.39999389648438,170.0177001953125,10210300,167.72824207588533,167.48889109567946,167.44575185661395,167.4550432441546,ORCL
2024-10-01,170.22000122070312,170.50999450683594,165.97000122070312,167.16000366210938,166.78497314453125,7595100,167.64082078145827,167.46452906356316,167.43454604506474,167.45210752692034,ORCL
2024-10-02,167.60000610351562,169.17999267578125,167.27000427246094,167.7100067138672,167.333740234375,7073000,167.65146477105964,167.48271259321533,167.44534842423346,167.4546736879845,ORCL
2024-10-03,166.88999938964844,167.86000061035156,166.24000549316406,166.86000061035156,166.4856414794922,4735700,167.5297010540276,167.43658577966985,167.4223936080028,167.44875654293344,ORCL
2024-10-04,168.7100067138672,170.89999389648438,168.1699981689453,170.86000061035156,170.47666931152344,6386900,168.0420548319236,167.69017206342406,167.55720172574198,167.48269926997244,ORCL
2024-10-07,170.4199981689453,172.3300018310547,169.5500030517578,169.97000122070312,169.5886688232422,6791000,168.3386619686589,167.8590482972966,167.65182131377966,167.50744854311407,ORCL
2024-10-08,170.60000610351562,174.63999938964844,170.44000244140625,174.3699951171875,173.97879028320312,7845400,169.26655937612483,168.34134065432556,167.91527910999173,167.57573258862723,ORCL
2024-10-09,174.55999755859375,178.61000061035156,173.80999755859375,178.2899932861328,177.88999938964844,8120900,170.65477997766453,169.0782778863113,168.322130646311,167.6823421478064,ORCL
2024-10-10,177.64999389648438,178.3000030517578,174.17999267578125,175.41000366210938,175.41000366210938,7115900,171.3863528521945,169.5472946104445,168.60008645085213,167.7592343021776,ORCL
2024-10-11,175.5,177.0,174.39999389648438,175.77000427246094,175.77000427246094,5869400,172.06076076300474,170.00823606689016,168.88125969875838,167.83894345611077,ORCL
2024-10-14,176.5500030517578,177.22000122070312,175.5,176.1199951171875,176.1199951171875,4688700,172.6852583559559,170.46095895950478,169.16513167595167,167.9213419801016,ORCL
2024-10-15,176.94000244140625,178.22000122070312,173.75,174.08999633789062,174.08999633789062,5848600,172.90137189163818,170.72977654308892,169.3582636234787,167.98272162545274,ORCL
2024-10-16,173.5,174.91000366210938,171.63999938964844,174.77000427246094,174.77000427246094,6383000,173.18885379638013,171.02905267119056,169.5704887469682,168.05025677616925,ORCL
2024-10-17,177.5,177.75,175.13999938964844,175.67999267578125,175.67999267578125,5474000,173.5721059316726,171.37356674560468,169.81007713633343,168.12617454631464,ORCL
2024-10-18,176.8000030517578,176.97000122070312,174.5800018310547,174.69000244140625,174.69000244140625,5001300,173.74409001009315,171.6192286489974,170.0014467561402,168.19148626666382,ORCL
2024-10-21,174.4499969482422,175.14999389648438,173.16000366210938,173.75999450683594,173.75999450683594,4198400,173.7465368557459,171.7778038977262,170.14884078557927,168.2468943088546,ORCL
2024-10-22,175.4499969482422,175.85000610351562,174.27999877929688,175.30999755859375,175.30999755859375,5510100,173.98706927156863,172.03944787260525,170.35123909040337,168.31717394318036,ORCL
2024-10-23,174.5,176.07000732421875,173.00999450683594,173.10000610351562,173.10000610351562,4830400,173.8505980149451,172.11800774156157,170.4590338752313,168.36476431293494,ORCL
2024-10-24,173.32000732421875,174.9499969482422,172.91000366210938,174.3800048828125,174.3800048828125,3488000,173.93204522538622,172.28556308535792,170.61279744415606,168.42461745293372,ORCL
2024-10-25,174.77999877929688,176.2899932861328,173.10000610351562,173.52000427246094,173.52000427246094,3674700,173.86865430955157,172.37700317329148,170.72680555506997,168.47531781929717,ORCL
2024-10-28,174.0500030517578,174.1699981689453,172.13999938964844,172.4199981689453,172.4199981689453,4330000,173.6457841340737,172.38018798778438,170.79320526541804,168.51456837003994,ORCL
2024-10-29,172.2899932861328,174.02000427246094,172.2899932861328,173.42999267578125,173.42999267578125,4122900,173.61258544818253,172.45795129800638,170.89660869327543,168.56347806462443,ORCL
2024-10-30,173.97999572753906,176.16000366210938,172.7899932861328,174.55999755859375,174.55999755859375,5822500,173.75834115747656,172.61365842842025,171.04027100171928,168.62314492526096,ORCL
2024-10-31,170.52000427246094,170.8800048828125,167.39999389648438,167.83999633789062,167.83999633789062,9477500,172.84782656984797,172.26005382912177,170.91477003451033,168.61535240200357,ORCL
2024-11-01,170.14999389648438,172.27000427246094,169.10000610351562,170.02000427246094,170.02000427246094,5680600,172.41277698563457,172.0941242323321,170.87968118109666,168.6293290375305,ORCL
2024-11-04,170.30999755859375,170.47999572753906,168.72999572753906,169.58999633789062,169.58999633789062,4804400,171.9785030398278,171.90863327718827,170.8291053048925,168.63888791614104,ORCL
2024-11-05,170.47000122070312,171.88999938964844,170.32000732421875,171.77999877929688,171.77999877929688,5456800,171.94796392282305,171.89910479586297,170.86639524506523,168.67014275060032,ORCL
2024-11-06,178.52000427246094,182.10000610351562,177.4199981689453,181.24000549316406,181.24000549316406,11085000,173.37750877979857,172.59102336603343,171.27320349008875,168.79521601172036,ORCL
2024-11-07,181.0800018310547,186.6699981689453,180.5399932861328,186.3699951171875,186.3699951171875,7759400,175.37635283170457,173.611687940193,171.8652345342887,168.97008943565535,ORCL
2024-11-08,186.25999450683594,190.16000366210938,186.25999450683594,189.25,189.25,8520400,177.5107600883654,174.7700814261046,172.54699004274795,169.17187959052447,ORCL
2024-11-11,191.0500030517578,191.5,187.83999633789062,189.1300048828125,189.1300048828125,5973600,179.29833621058802,175.83377945993482,173.19730435020148,169.37046790189052,ORCL
2024-11-12,188.5399932861328,190.61000061035156,187.1999969482422,189.5800018310547,189.5800018310547,6629900,180.88013092142904,176.85201815409184,173.8397630749408,169.57155779173297,ORCL
2024-11-13,189.0,191.77000427246094,188.7899932861328,189.6300048828125,189.6300048828125,5695400,182.2262653770265,177.79853568955264,174.45898824387697,169.77114432995268,ORCL
2024-11-14,188.66000366210938,189.58999633789062,186.7100067138672,187.0500030517578,187.0500030517578,7804300,182.9683788654467,178.48382956823448,174.95275353046054,169.9430732724582,ORCL
2024-11-15,184.52000427246094,185.8000030517578,182.3300018310547,183.74000549316406,183.74000549316406,8975400,183.0870906543263,178.87317593304408,175.297351646645,170.08035618012696,ORCL
2024-09-17,440.2300109863281,441.8500061035156,432.2699890136719,435.1499938964844,435.1499938964844,18874200,435.1499938964844,435.1499938964844,435.1499938964844,435.1499938964844,MSFT
2024-09-18,435.0,436.0299987792969,430.4100036621094,430.80999755859375,430.80999755859375,18898000,434.48230215219354,434.82851268627024,434.9797979616651,435.10680985332135,MSFT
2024-09-19,441.2300109863281,441.5,436.8999938964844,438.69000244140625,438.69000244140625,21706600,435.12964065822626,435.1145489644284,435.1252961765569,435.1424635109143,MSFT
2024-09-20,437.2200012207031,439.239990234375,434.2200012207031,435.2699890136719,435.2699890136719,55167100,435.1512327129102,435.1260630421501,435.13097040546336,435.14373242138953,MSFT
2024-09-23,434.2799987792969,436.4599914550781,430.3900146484375,433.510009765625,433.510009765625,15128900,434.8987368748663,435.00635539203716,435.06740332154817,435.12747647456604,MSFT
2024-09-24,433.0,433.3500061035156,426.1000061035156,429.1700134277344,429.1700134277344,17015800,434.0173948060768,434.57403376505175,434.8361331296339,435.0681982352941,MSFT
2024-09-25,429.8299865722656,433.1199951171875,428.57000732421875,432.1099853515625,432.1099853515625,13396400,433.72394719769,434.39151166034884,434.7292253736311,435.03876328122715,MSFT
2024-09-26,435.0899963378906,435.29998779296875,429.1300048828125,431.30999755859375,431.30999755859375,14492000,433.3525703301367,434.1632513565151,434.59513800833554,435.0016611347333,MSFT
2024-09-27,431.5199890136719,431.8500061035156,427.4700012207031,428.0199890136719,428.0199890136719,14896100,432.5321732045267,433.70819488667485,434.33728902815267,434.9321917603944,MSFT
2024-09-30,428.2099914550781,430.4200134277344,425.3699951171875,430.29998779296875,430.29998779296875,16807300,432.188760064287,433.45573510195584,434.17896348951797,434.88610017862896,MSFT
2024-10-01,428.45001220703125,428.4800109863281,418.80999755859375,420.69000244140625,420.69000244140625,19092900,430.41972042999765,432.51012527524847,433.64998462488614,434.744845474776,MSFT
2024-10-02,422.5799865722656,422.82000732421875,416.7099914550781,417.1300048828125,417.1300048828125,16582300,428.3751488073538,431.37085709803097,433.0021422820597,434.56957342908487,MSFT
2024-10-03,417.6300048828125,419.54998779296875,414.2900085449219,416.5400085449219,416.5400085449219,13686400,426.5543579977489,430.27227572372664,432.35656841001514,434.3901747735211,MSFT
2024-10-04,418.239990234375,419.75,414.9700012207031,416.05999755859375,416.05999755859375,19169700,424.9398410071097,429.21951437816125,431.71748720015546,434.207784950487,MSFT
2024-10-07,416.0,417.1099853515625,409.0,409.5400085449219,409.5400085449219,20919800,422.5706360129269,427.7617732053287,430.8477821548522,433.9623344389888,MSFT
2024-10-08,410.8999938964844,415.6600036621094,408.1700134277344,414.7099914550781,414.7099914550781,19229300,421.3613060809502,426.794974557162,430.2149276176062,433.77076883715887,MSFT
2024-10-09,415.8599853515625,420.3800048828125,414.29998779296875,417.4599914550781,417.4599914550781,14974300,420.76110383081607,426.103494327378,429.71473404260513,433.6084725447999,MSFT
2024-10-10,415.2300109863281,417.3500061035156,413.1499938964844,415.8399963378906,415.8399963378906,13848400,420.00401037036596,425.34323521704556,429.17062668163595,433.43167178652226,MSFT
2024-10-11,416.1400146484375,417.1300048828125,413.25,416.32000732421875,416.32000732421875,14144900,419.43724067095866,424.67484796572506,428.66668082448234,433.2614064684894,MSFT
2024-10-14,417.7699890136719,424.0400085449219,417.5199890136719,419.1400146484375,419.1400146484375,16653100,419.39151359057075,424.26486031259265,428.29308607248055,433.12089510709586,MSFT
2024-10-15,422.17999267578125,422.4800109863281,415.260009765625,418.739990234375,418.739990234375,18900200,419.29127922807913,423.8556106771691,427.9184548631431,432.9778015262728,MSFT
2024-10-16,415.1700134277344,416.3599853515625,410.4800109863281,416.1199951171875,416.1199951171875,15508900,418.803389364865,423.28260211717054,427.45577016722325,432.81006215901823,MSFT
2024-10-17,422.3599853515625,422.5,415.5899963378906,416.7200012207031,416.7200012207031,14820000,418.482868111917,422.796483532247,427.0347596203009,432.6499620501793,MSFT
2024-10-18,417.1400146484375,419.6499938964844,416.260009765625,418.1600036621094,418.1600036621094,17145300,418.4331966581004,422.4530405789035,426.68672997488164,432.50578335975075,MSFT
2024-10-21,416.1199951171875,418.9599914550781,413.75,418.7799987792969,418.7799987792969,14206100,418.4865508305922,422.1809634085622,426.3766620848587,432.369208388801,MSFT
2024-10-22,418.489990234375,430.5799865722656,418.0400085449219,427.510009765625,427.510009765625,25482200,419.8747752821357,422.57570758315944,426.4211070919476,432.3208581537445,MSFT
2024-10-23,430.8599853515625,431.0799865722656,422.5299987792969,424.6000061035156,424.6000061035156,19654400,420.60173387004033,422.72565562170433,426.3496913669111,432.2440337552348,MSFT
2024-10-24,425.3299865722656,425.9800109863281,422.3999938964844,424.7300109863281,424.7300109863281,13581600,421.2368534263923,422.87412638945426,426.2861744892412,432.1692673595243,MSFT
2024-10-25,426.760009765625,432.5199890136719,426.57000732421875,428.1499938964844,428.1499938964844,16899100,422.3004134987142,423.264931389975,426.359265446388,432.1292745887478,MSFT
2024-10-28,431.6600036621094,431.94000244140625,426.29998779296875,426.5899963378906,426.5899963378906,14882400,422.96034932012594,423.51123249722804,426.368313716643,432.07415739222193,MSFT
2024-10-29,428.0,433.1700134277344,425.79998779296875,431.95001220703125,431.95001220703125,17644100,424.34337437964984,424.1363272905468,426.58720385352103,432.0729221167474,MSFT
2024-10-30,437.44000244140625,438.5,432.1000061035156,432.5299987792969,432.5299987792969,29749100,425.6028550565186,424.7580807341579,426.820254634924,432.0774701432405,MSFT
2024-10-31,415.3599853515625,416.1600036621094,406.29998779296875,406.3500061035156,406.3500061035156,53971000,422.64087829451813,423.3945196504066,426.01749979055506,431.82147547617853,MSFT
2024-11-01,409.010009765625,415.5,407.5,410.3699951171875,410.3699951171875,24230400,420.7530501133903,422.42974005535336,425.4038721563054,431.60802791041743,MSFT
2024-11-04,409.79998779296875,410.4200134277344,405.57000732421875,408.4599914550781,408.4599914550781,19672300,418.8618103198038,421.3949438627404,424.73940624645337,431.3776991894688,MSFT
2024-11-05,408.3699951171875,414.8999938964844,408.0799865722656,411.4599914550781,411.4599914550781,17626000,417.72306895599985,420.6590214621728,424.2186448820857,431.17951304285793,MSFT
2024-11-06,412.4200134277344,420.45001220703125,410.5199890136719,420.17999267578125,420.17999267578125,26681800,418.1010572205816,420.623537848366,424.0602663641914,431.07006507900644,MSFT
2024-11-07,421.2799987792969,426.8500061035156,419.8800048828125,425.42999267578125,425.42999267578125,19901800,419.22858575215076,420.97957153928564,424.1139811215087,431.0139449555913,MSFT
2024-11-08,425.32000732421875,426.5,421.7799987792969,422.5400085449219,422.5400085449219,16891400,419.73803541257706,421.095159465629,424.0522567067406,430.92962718036074,MSFT
2024-11-11,422.5199890136719,424.80999755859375,416.0,418.010009765625,418.010009765625,24503300,419.472185313046,420.8666298582213,423.8153058463047,430.80107377324896,MSFT
2024-11-12,418.25,424.44000244140625,417.20001220703125,423.0299987792969,423.0299987792969,19401200,420.0195412309307,421.0268794079306,423.7845094907358,430.7237496439559,MSFT
2024-11-13,421.6400146484375,429.3299865722656,418.2099914550781,425.20001220703125,425.20001220703125,21502200,420.8165367657154,421.3360003560121,423.8400194011787,430.66878708239443,MSFT
2024-11-14,425.0,428.1700134277344,420.0,426.8900146484375,426.8900146484375,30246900,421.75091797844186,421.7474088221177,423.959627057934,430.6311873566834,MSFT
2024-11-15,419.82000732421875,422.79998779296875,413.6400146484375,415.0,415.0,28196600,420.71231521252776,421.2476007612201,423.6082691340934,430.47565315412936,MSFT
2024-09-17,76.0999984741211,76.47000122070312,75.37999725341797,75.61000061035156,75.61000061035156,2677900,75.61000061035156,75.61000061035156,75.61000061035156,75.61000061035156,FTNT
2024-09-18,75.80999755859375,75.83999633789062,74.54000091552734,74.68000030517578,74.68000030517578,2876400,75.46692364032452,75.54111169885705,75.57353001014859,75.60074687597171,FTNT
2024-09-19,76.08000183105469,76.19999694824219,74.8499984741211,75.66000366210938,75.66000366210938,3947400,75.49662825906066,75.54991851094982,75.5769211337549,75.60133649573427,FTNT
2024-09-20,75.5199966430664,76.86000061035156,75.5199966430664,76.77999877929688,76.77999877929688,12542800,75.69406987755853,75.64103556786442,75.62410064926635,75.6130644786553,FTNT
2024-09-23,77.19999694824219,77.81999969482422,76.97000122070312,77.44000244140625,77.44000244140625,3252200,75.96267488738125,75.77429237331197,75.69531248425223,75.63124296584687,FTNT
2024-09-24,77.37000274658203,78.18000030517578,77.12999725341797,77.45999908447266,77.45999908447266,2943100,76.19303245616456,75.89915953710165,75.7645158803393,75.64943954414166,FTNT
2024-09-25,77.41999816894531,77.83000183105469,75.94000244140625,76.61000061035156,76.61000061035156,4286300,76.25718140296256,75.95181443141647,75.79767214426136,75.658997365696,FTNT
2024-09-26,77.13999938964844,77.73999786376953,76.06999969482422,77.20999908447266,77.20999908447266,5170100,76.40376873857949,76.04501329460581,75.85305751446572,75.67443021861915,FTNT
2024-09-27,77.19999694824219,77.77999877929688,76.43000030517578,77.44999694824219,77.44999694824219,2987900,76.56472692468144,76.14908615783813,75.9156825903001,75.69209754926217,FTNT
2024-09-30,77.6500015258789,78.08000183105469,76.70999908447266,77.55000305175781,77.55000305175781,3453100,76.71630786730857,76.25285777960997,75.97977358878863,75.71058417117756,FTNT
2024-10-01,78.20999908447266,78.5,76.18000030517578,76.48999786376953,76.48999786376953,3966200,76.68149094368718,76.27042371176994,75.99978238388593,75.71833953130285,FTNT
2024-10-02,76.48999786376953,77.83000183105469,76.0,77.58999633789062,77.58999633789062,3000100,76.82126100433386,76.36816983222332,76.06214371541552,75.73696298211466,FTNT
2024-10-03,77.30000305175781,77.61000061035156,76.77999877929688,76.9800033569336,76.9800033569336,3717000,76.84568290473382,76.4134908340537,76.09813821116133,75.74933154305815,FTNT
2024-10-04,77.69000244140625,78.19999694824219,76.81999969482422,78.01000213623047,78.01000213623047,3144100,77.02480894034869,76.53175093051124,76.17311326704639,75.77182577781608,FTNT
2024-10-07,78.0199966430664,79.08000183105469,77.33999633789062,77.4800033569336,77.4800033569336,4213000,77.09483885059252,76.60199185098696,76.22436385880667,75.7888225696481,FTNT
2024-10-08,77.80999755859375,78.04000091552734,76.81999969482422,77.77999877929688,77.77999877929688,3879100,77.20024807039319,76.68925162345435,76.28536914980629,75.80863526825158,FTNT
2024-10-09,78.06999969482422,80.37000274658203,78.0,80.33000183105469,80.33000183105469,4709400,77.6817486489565,76.95893682401734,76.44398219612975,75.85362399026953,FTNT
2024-10-10,79.66000366210938,82.5,79.66000366210938,82.4800033569336,82.4800033569336,5288300,78.41994168095299,77.36790471534447,76.68068890831815,75.9195581133209,FTNT
2024-10-11,82.44000244140625,83.04000091552734,81.91999816894531,82.87000274658203,82.87000274658203,2966200,79.10456646028052,77.77546753247317,76.92340709805399,75.98871676638818,FTNT
2024-10-14,83.44999694824219,83.7699966430664,81.93000030517578,82.83000183105469,82.83000183105469,2777100,79.67771036347655,78.14987748051625,77.15503826405403,76.05678925459382,FTNT
2024-10-15,82.66000366210938,82.98999786376953,82.18000030517578,82.63999938964844,82.63999938964844,5379000,80.13344713673375,78.48247910341493,77.37013477878321,76.12229383305208,FTNT
2024-10-16,82.61000061035156,82.61000061035156,81.4000015258789,82.12000274658203,82.12000274658203,2696400,80.4390710767104,78.75192529920508,77.55640411085375,76.1819725287091,FTNT
2024-10-17,80.0199966430664,81.72000122070312,79.55999755859375,80.86000061035156,80.86000061035156,4093100,80.50382946650134,78.90807902595668,77.68595691475562,76.22852007181002,FTNT
2024-10-18,80.51000213623047,81.29000091552734,80.23999786376953,81.06999969482422,81.06999969482422,2955900,80.59093257855102,79.06822129772463,77.81866447475831,76.27669399840718,FTNT
2024-10-21,82.66000366210938,83.22000122070312,81.7699966430664,82.05000305175781,82.05000305175781,3798900,80.81540495904437,79.28909402024561,77.98459932091515,76.33413985963455,FTNT
2024-10-22,81.37999725341797,82.97000122070312,81.19999694824219,82.44000244140625,82.44000244140625,3046800,81.0653430332539,79.52249464403529,78.15932101191481,76.39489471119447,FTNT
2024-10-23,82.02999877929688,82.88999938964844,80.23999786376953,80.37000274658203,80.37000274658203,4067900,80.95836760453516,79.58527302200172,78.24601441327432,76.43444802497942,FTNT
2024-10-24,80.6500015258789,81.33999633789062,80.36000061035156,80.62000274658203,80.62000274658203,2828600,80.90631147254237,79.66191966826693,78.33911199497267,76.47609533564214,FTNT
2024-10-25,80.79000091552734,81.80000305175781,80.22000122070312,80.33999633789062,80.33999633789062,3111700,80.81918606721133,79.71214756972054,78.41757804763611,76.51454211178392,FTNT
2024-10-28,81.16000366210938,81.4800033569336,80.47000122070312,80.76000213623047,80.76000213623047,2492200,80.81008084706042,79.78976642649906,78.50943781581628,76.55678549511175,FTNT
2024-10-29,79.7699966430664,80.38999938964844,78.51000213623047,79.37000274658203,79.37000274658203,3806000,80.58853037006374,79.75867282057928,78.54318546016003,76.58477770656917,FTNT
2024-10-30,79.25,79.91999816894531,78.58999633789062,78.73999786376953,78.73999786376953,2595500,80.30414075371078,79.68321541637116,78.55090359363491,76.60622268325774,FTNT
2024-10-31,78.98999786376953,79.51000213623047,78.1500015258789,78.66000366210938,78.66000366210938,4584900,80.0511965857721,79.6074219530925,78.55518202769274,76.62665831488812,FTNT
2024-11-01,78.18000030517578,79.41999816894531,77.81999969482422,78.80000305175781,78.80000305175781,4055400,79.85870527284683,79.54761314558623,78.56478285216588,76.64828363565299,FTNT
2024-11-04,78.62999725341797,79.37000274658203,77.80000305175781,78.83999633789062,78.83999633789062,3488000,79.70198082131512,79.49519708575691,78.57557553788057,76.67009172224242,FTNT
2024-11-05,79.3499984741211,79.44999694824219,77.72000122070312,77.91999816894531,77.91999816894531,4408000,79.42782964402745,79.3785156845116,78.54986662145174,76.68252860230912,FTNT
2024-11-06,80.20999908447266,81.08000183105469,79.77999877929688,80.87000274658203,80.87000274658203,5711300,79.64970242903584,79.48899620762793,78.640852351849,76.72419501170486,FTNT
2024-11-07,82.44999694824219,83.83000183105469,81.5,83.68000030517578,83.68000030517578,6375000,80.26974825613429,79.79944095559443,78.8384659970775,76.79340700467472,FTNT
2024-11-08,84.5,92.52999877929688,84.26000213623047,92.04000091552734,92.04000091552734,13790400,82.08055635757937,80.70614910077465,79.35617324878142,76.94511440677276,FTNT
2024-11-11,92.41999816894531,97.3499984741211,92.30000305175781,97.18000030517578,97.18000030517578,8393300,84.40354773413267,81.92643437517474,80.0551468588361,77.14645655501559,FTNT
2024-11-12,97.16000366210938,99.51000213623047,96.91000366210938,99.1500015258789,99.1500015258789,7146000,86.67223293286287,83.20225416411579,80.80396468891621,77.36539730099433,FTNT
2024-11-13,98.05000305175781,100.58999633789062,97.5999984741211,97.87999725341797,97.87999725341797,6571800,88.39650436679443,84.28949439295299,81.47361302477903,77.56952267365526,FTNT
2024-11-14,96.54000091552734,97.05999755859375,94.11000061035156,94.45999908447266,94.45999908447266,7275800,89.3293497079757,85.04286511084332,81.98288306633565,77.73758711555394,FTNT
2024-11-15,94.80000305175781,96.37999725341797,92.7300033569336,94.19999694824219,94.19999694824219,5915600,90.07868005263208,85.72117117287287,82.46198557150845,77.90139218851601,FTNT
2024-09-17,58.45000076293945,58.584999084472656,57.66999816894531,57.86000061035156,57.84926223754883,337700,57.86000061035156,57.86000061035156,57.86000061035156,57.86000061035156,CIBR
2024-09-18,57.869998931884766,58.08000183105469,57.189998626708984,57.31999969482422,57.30936050415039,457600,57.77692354642428,57.82000054253472,57.8388241038603,57.85462746691348,CIBR
2024-09-19,58.650001525878906,58.849998474121094,58.16299819946289,58.529998779296875,58.519134521484375,3253000,57.89278127455852,57.8725930045171,57.86592899309311,57.86134757947451,CIBR
2024-09-20,58.45000076293945,59.29999923706055,58.38999938964844,59.29999923706055,59.28899383544922,563100,58.10927634571268,57.97832679952032,57.92216704187614,57.87566252134104,CIBR
2024-09-23,59.25,59.61600112915039,59.13999938964844,59.54999923706055,59.53894805908203,201900,58.33092602130466,58.09474698007885,57.98600359855005,57.89232258816412,CIBR
2024-09-24,59.66999816894531,59.90999984741211,59.189998626708984,59.65999984741211,59.64892578125,510800,58.53539891762889,58.210691636918355,58.05165051027013,57.90991141661435,CIBR
2024-09-25,59.52000045776367,59.880001068115234,59.150001525878906,59.2599983215332,59.249000549316406,815000,58.64687574899879,58.288418058000936,58.09903669894712,57.92334511716081,CIBR
2024-09-26,60.0,60.0,59.02000045776367,59.43000030517578,59.43000030517578,449100,58.7673564499491,58.37297970593981,58.15123135017177,57.93833671107141,CIBR
2024-09-27,59.619998931884766,59.619998931884766,58.99100112915039,59.18000030517578,59.18000030517578,507200,58.830840119983975,58.43275900958692,58.191575230760165,57.95069157270429,CIBR
2024-09-30,58.95000076293945,59.29999923706055,58.73500061035156,59.22999954223633,59.22999954223633,376300,58.892249261868955,58.491813863857246,58.23229775277884,57.963421005236945,CIBR
2024-10-01,59.22999954223633,59.30699920654297,58.119998931884766,58.36000061035156,58.36000061035156,381100,58.8103648539432,58.48204991915312,58.237305707977775,57.967367070959476,CIBR
2024-10-02,58.40999984741211,58.9630012512207,58.209999084472656,58.720001220703125,58.720001220703125,237800,58.79646275652165,58.49967594149016,58.25623494377093,57.974855967971855,CIBR
2024-10-03,58.43000030517578,58.94499969482422,58.43000030517578,58.810001373291016,58.810001373291016,197400,58.79854562064001,58.522663010512446,58.277951274340346,57.9831658725024,CIBR
2024-10-04,59.459999084472656,59.79999923706055,58.97999954223633,59.779998779296875,59.779998779296875,240400,58.94953841427953,58.61579899338537,58.33685509806413,58.00104480689836,CIBR
2024-10-07,59.58000183105469,59.709999084472656,59.05500030517578,59.15999984741211,59.15999984741211,242600,58.981917096299924,58.65611016775772,58.369135284313074,58.01257669784875,CIBR
2024-10-08,59.41999816894531,60.34000015258789,59.400001525878906,60.27000045776367,60.27000045776367,781900,59.18008376729435,58.77565759664705,58.44367901660526,58.035038625808106,CIBR
2024-10-09,60.22999954223633,61.470001220703125,60.189998626708984,61.380001068115234,61.380001068115234,1087500,59.51853258280526,58.96857192786691,58.5588289009782,58.06832183418927,CIBR
2024-10-10,61.040000915527344,62.2400016784668,60.849998474121094,62.119998931884766,62.119998931884766,1165000,59.91875817497134,59.202010965201566,58.69848262768042,58.108637029191215,CIBR
2024-10-11,62.099998474121094,62.68000030517578,62.029998779296875,62.52000045776367,62.52000045776367,482400,60.31894929540093,59.44778796465061,58.84834607199741,58.1525311926596,CIBR
2024-10-14,62.90999984741211,62.939998626708984,62.15999984741211,62.58000183105469,62.58000183105469,975800,60.66680353165535,59.67980380660647,58.99468551352908,58.19658562687249,CIBR
2024-10-15,62.41999816894531,62.54999923706055,61.86000061035156,62.029998779296875,62.029998779296875,796900,60.876525877446355,59.85389232310206,59.11371740630429,58.23472904132448,CIBR
2024-10-16,62.18000030517578,62.25,61.68000030517578,62.18000030517578,62.18000030517578,343300,61.07706040478934,60.026196618070486,59.23396379449533,58.27398547181056,CIBR
2024-10-17,62.27000045776367,62.52000045776367,61.900001525878906,62.20000076293945,62.20000076293945,238000,61.249820459889364,60.187219147320036,59.350278969728436,58.31305030057801,CIBR
2024-10-18,62.22999954223633,62.45000076293945,62.09000015258789,62.31999969482422,62.31999969482422,558800,61.41446341911011,60.3452028915796,59.46673860600671,58.352920443804344,CIBR
2024-10-21,62.0,62.630001068115234,61.79999923706055,62.029998779296875,62.029998779296875,316100,61.509161166831156,60.470002586966075,59.567258612802405,58.389508287938604,CIBR
2024-10-22,61.58000183105469,61.957000732421875,61.54100036621094,61.849998474121094,61.849998474121094,253400,61.56159767564499,60.57222450453311,59.6567778230502,58.42394102610958,CIBR
2024-10-23,61.59000015258789,61.619998931884766,60.56999969482422,60.59000015258789,60.59000015258789,428300,61.412121133636205,60.57354121920383,59.69337477714972,58.445493853238716,CIBR
2024-10-24,61.09000015258789,61.220001220703125,60.75,60.90999984741211,60.90999984741211,406200,61.33487170498634,60.59846408055259,59.741085564218835,58.470016300941936,CIBR
2024-10-25,61.439998626708984,62.0,61.0,61.11000061035156,61.11000061035156,308200,61.300276151965605,60.63635567535251,59.79476850720444,58.49628480153308,CIBR
2024-10-28,61.310001373291016,61.70000076293945,61.18899917602539,61.310001373291016,61.310001373291016,218900,61.30177233986183,60.686255356681286,59.85418940391372,58.52428198135157,CIBR
2024-10-29,61.290000915527344,62.04999923706055,60.97999954223633,61.93000030517578,61.93000030517578,347000,61.39842279606397,60.77838461212533,59.935593752982825,58.55816972586724,CIBR
2024-10-30,61.650001525878906,61.9900016784668,61.11000061035156,61.13999938964844,61.13999938964844,262600,61.35866534892312,60.805170891941856,59.982825346577556,58.58385957326805,CIBR
2024-10-31,61.0,61.130001068115234,60.10200119018555,60.130001068115234,60.130001068115234,550600,61.169640074952675,60.755158312399146,59.9885969435006,58.59924406575409,CIBR
2024-11-01,60.33000183105469,60.6879997253418,60.09000015258789,60.25,60.25,269200,61.028156986498416,60.717739178147355,59.99884804375548,58.61566949793565,CIBR
2024-11-04,60.2400016784668,60.44499969482422,59.7599983215332,60.11000061035156,60.11000061035156,334800,60.8869021593989,60.67272150645878,60.003206967935725,58.630538464228344,CIBR
2024-11-05,60.36000061035156,61.060001373291016,60.20000076293945,60.939998626708984,60.939998626708984,283900,60.89507084667738,60.69251981166249,60.03994389573076,58.65351816733761,CIBR
2024-11-06,62.79999923706055,63.06999969482422,62.400001525878906,62.9900016784668,62.9900016784668,823500,61.2173678977219,60.862703653648,60.15563243623021,58.696667257000584,CIBR
2024-11-07,63.31999969482422,63.90999984741211,63.099998474121094,63.79999923706055,63.79999923706055,624800,61.61469579608169,61.08028110427115,60.298548781360815,58.74744667968775,CIBR
2024-11-08,63.459999084472656,63.81999969482422,63.2599983215332,63.72999954223633,63.72999954223633,456600,61.94012714164394,61.276556544120425,60.43311547786574,58.79702432011112,CIBR
2024-11-11,64.05999755859375,64.68000030517578,64.05999755859375,64.55000305175781,64.55000305175781,622700,62.34164651243069,61.51903406320468,60.59456204939092,58.85426788958024,CIBR
2024-11-12,64.43000030517578,64.62000274658203,63.939998626708984,64.61000061035156,64.61000061035156,500900,62.69062406595698,61.747994548178525,60.752030228252124,58.911538861926225,CIBR
2024-11-13,64.55999755859375,65.29000091552734,64.30999755859375,64.37000274658203,64.37000274658203,439600,62.94899001682237,61.94221737768989,60.89391150348075,58.96585193540539,CIBR
2024-11-14,64.30999755859375,64.30999755859375,62.630001068115234,62.66999816894531,62.66999816894531,684200,62.90606819407205,61.996127065931034,60.96356196094995,59.00270911185853,CIBR
2024-11-15,62.11000061035156,62.25,60.900001525878906,61.43000030517578,61.43000030517578,924700,62.67898082654955,61.95419175031954,60.981853660723516,59.02686126303582,CIBR
2024-09-17,890.6500244140625,899.6099853515625,882.7999877929688,885.8300170898438,885.8300170898438,1033900,885.8300170898438,885.8300170898438,885.8300170898438,885.8300170898438,NOW
2024-09-18,887.760009765625,899.7100219726562,882.2999877929688,890.3900146484375,890.3900146484375,981200,886.5315551757812,886.1677946867766,886.0088405235141,885.8753901998796,NOW
2024-09-19,908.0,921.969970703125,902.8599853515625,919.25,919.25,1484300,891.5651620718148,888.618328413682,887.3124154049449,886.2074758695326,NOW
2024-09-20,920.4199829101562,940.1199951171875,917.3099975585938,937.3599853515625,937.3599853515625,3609200,898.6105194994683,892.2288215201916,889.275065206773,886.7164560633836,NOW
2024-09-23,936.8800048828125,945.4600219726562,922.9199829101562,925.5499877929688,925.5499877929688,1213000,902.7550530830837,894.6970560589158,890.6976111905453,887.1028593641755,NOW
2024-09-24,925.5499877929688,926.9199829101562,907.489990234375,923.5999755859375,923.5999755859375,1001300,905.9619642373689,896.8380130609174,891.9878999903647,887.4660147494667,NOW
2024-09-25,898.469970703125,901.0,886.510009765625,890.030029296875,890.030029296875,2288800,903.5108973234467,896.3337179672847,891.9111207474828,887.491527332028,NOW
2024-09-26,893.6500244140625,894.219970703125,871.4299926757812,884.8599853515625,884.8599853515625,1599500,900.6415262508491,895.4838118476016,891.6346056339173,887.46534283471,NOW
2024-09-27,884.0399780273438,886.1900024414062,876.3699951171875,881.7899780273438,881.7899780273438,906600,897.7412880626175,894.4694537868418,891.2485418062087,887.4088715430944,NOW
2024-09-30,879.260009765625,894.7999877929688,876.219970703125,894.3900146484375,894.3900146484375,843500,897.2257075373591,894.4635694062192,891.3717368196294,887.4783356535954,NOW
2024-10-01,898.5900268554688,898.5900268554688,866.6300048828125,867.1799926757812,867.1799926757812,1313100,892.603289866347,892.4425637224831,890.423040970851,887.2763620916272,NOW
2024-10-02,869.0,884.5900268554688,863.239990234375,880.4099731445312,880.4099731445312,933200,890.7273949860676,891.5512607167088,890.0303716443287,887.2080398135467,NOW
2024-10-03,878.0,892.2100219726562,877.1199951171875,890.6400146484375,890.6400146484375,1193800,890.7139518572014,891.483761007948,890.0542792131173,887.2421888168791,NOW
2024-10-04,899.7899780273438,918.2899780273438,896.3900146484375,917.6799926757812,917.6799926757812,1183200,894.8625735215984,893.4242226129727,891.1376405253787,887.5450525368682,NOW
2024-10-07,919.1199951171875,922.5499877929688,899.9299926757812,905.9400024414062,905.9400024414062,1123600,896.566793355415,894.3513174150789,891.7181253063995,887.7280868642765,NOW
2024-10-08,925.969970703125,943.0,919.27001953125,922.0,922.0,1180800,900.4795943776589,896.399367976925,892.9056498041878,888.0691009253286,NOW
2024-10-09,921.9600219726562,943.4000244140625,915.9600219726562,938.6500244140625,938.6500244140625,1132300,906.3519682294133,899.5290462315278,894.6995468477123,888.5723936963608,NOW
2024-10-10,933.2100219726562,949.0,932.9299926757812,944.6300048828125,944.6300048828125,1110500,912.2408969453209,902.8698579834748,896.6576040255594,889.1301808723454,NOW
2024-10-11,942.8200073242188,946.77001953125,937.0900268554688,938.5900268554688,938.5900268554688,854100,916.2946092391898,905.5157964184373,898.3020127639872,889.6223186433217,NOW
2024-10-14,947.3900146484375,949.5900268554688,935.9099731445312,944.6900024414062,944.6900024414062,567400,920.6631312703,908.4175894571757,900.1211496140821,890.1702557955415,NOW
2024-10-15,945.280029296875,947.25,926.6699829101562,927.9600219726562,927.9600219726562,1081600,921.7857298398933,909.865177050915,901.2128700987321,890.5462733694432,NOW
2024-10-16,924.9600219726562,927.0,912.030029296875,918.8699951171875,918.8699951171875,1011200,921.3371552671694,910.5322006113797,901.9053063739656,890.8281014465351,NOW
2024-10-17,932.780029296875,933.0999755859375,915.1099853515625,917.1199951171875,917.1199951171875,715500,920.6883613979414,911.0201853895877,902.5019608344842,891.0897123288302,NOW
2024-10-18,921.0,928.1599731445312,917.1199951171875,921.75,921.75,1422600,920.8516904136427,911.8149864718405,903.2567858997985,891.3947898180955,NOW
2024-10-21,902.0,918.6300048828125,899.77001953125,918.3400268554688,918.3400268554688,1417200,920.4652806354621,912.2983227965536,903.8482855451189,891.6629016294127,NOW
2024-10-22,916.489990234375,924.4000244140625,914.3599853515625,917.9500122070312,917.9500122070312,1144300,920.0783162618575,912.716966456589,904.4012944338214,891.9244649187423,NOW
2024-10-23,916.469970703125,920.1099853515625,901.3699951171875,907.6799926757812,907.6799926757812,1849900,918.1708818639996,912.3438572876404,904.5298708354668,892.0812363392104,NOW
2024-10-24,948.3900146484375,979.780029296875,940.4099731445312,956.5800170898438,956.5800170898438,3401000,924.0799795910526,915.6206098655814,906.5710530415208,892.723015252152,NOW
2024-10-25,957.260009765625,964.9400024414062,947.1699829101562,950.8499755859375,950.8499755859375,1494800,928.1984405133426,918.2301925115337,908.307481376596,893.301392966916,NOW
2024-10-28,959.010009765625,960.0,945.0,945.0,945.0,1238500,930.7832958189822,920.2131412143831,909.746403675553,893.8158069672452,NOW
2024-10-29,950.0,957.8200073242188,939.4299926757812,953.0800170898438,953.0800170898438,1641100,934.213560629884,922.6477246125653,911.4457610643487,894.4055006003059,NOW
2024-10-30,951.030029296875,963.5,949.47998046875,950.0,950.0,950800,936.6422436099019,924.6738190857086,912.9576920030017,894.9586796988103,NOW
2024-10-31,940.7999877929688,954.3599853515625,928.3499755859375,932.989990234375,932.989990234375,1333300,936.0803584752055,925.2898317633876,913.7432723258007,895.3371006991642,NOW
2024-11-01,937.3599853515625,951.1599731445312,930.5499877929688,943.4099731445312,943.4099731445312,985300,937.2079915012556,926.6320644582871,914.9066723579078,895.8154377384217,NOW
2024-11-04,944.030029296875,960.3699951171875,941.5999755859375,954.5900268554688,954.5900268554688,948400,939.8821507865192,928.7030246358561,916.4628823382043,896.400259520681,NOW
2024-11-05,961.4600219726562,973.8599853515625,958.3300170898438,971.0399780273438,971.0399780273438,827000,944.675662669723,931.8390952574478,918.6031606005236,897.1429432869164,NOW
2024-11-06,994.0,997.030029296875,982.0999755859375,994.47998046875,994.47998046875,1246600,952.3378654080349,936.4791608286553,921.5787221639833,898.111471020069,NOW
2024-11-07,996.7999877929688,1024.43994140625,995.0,1015.280029296875,1015.280029296875,1260800,962.0212752370873,942.3162621966715,925.2532832280183,899.2773273213307,NOW
2024-11-08,1010.9400024414062,1019.9600219726562,1005.02001953125,1008.0800170898438,1008.0800170898438,1095000,969.1072355221268,947.1876514480176,928.501390438286,900.3599411498732,NOW
2024-11-11,1013.0,1038.0,1013.0,1036.010009765625,1036.010009765625,1307100,979.3999700211265,953.7670853974699,932.7174147256327,901.7096930763981,NOW
2024-11-12,1030.780029296875,1053.260009765625,1027.1199951171875,1048.2900390625,1048.2900390625,1291700,989.9984421813377,960.7687856689536,937.249674503549,903.1682039817325,NOW
2024-11-13,1048.2900390625,1061.6600341796875,1043.5,1045.550048828125,1045.550048828125,1313700,998.5448432039203,967.0488792362996,941.4967480064736,904.5849387563235,NOW
2024-11-14,1049.0,1054.0,1032.0,1039.800048828125,1039.800048828125,1157700,1004.8917979153364,972.43785476162,945.3517794112443,905.9303627371374,NOW
2024-11-15,1023.969970703125,1029.719970703125,1003.010009765625,1011.3900146484375,1011.3900146484375,1496400,1005.8915235665827,975.3231999384212,947.9415141264283,906.9797125073992,NOW
2024-09-17,217.25,218.83999633789062,213.0,214.1300048828125,212.45562744140625,5635200,214.1300048828125,214.1300048828125,214.1300048828125,214.1300048828125,IBM
2024-09-18,214.1300048828125,216.86000061035156,213.58999633789062,214.94000244140625,213.25927734375,3482800,214.25461989182693,214.19000470196758,214.16176949295345,214.13806456001242,IBM
2024-09-19,218.00999450683594,218.47999572753906,210.3699951171875,213.88999938964844,212.21749877929688,5279600,214.19852442995332,214.16778208624024,214.15111184184346,214.13559624985956,IBM
2024-09-20,214.3300018310547,217.85000610351562,213.74000549316406,217.6999969482422,215.99769592285156,9958800,214.73721250969007,214.4294276315737,214.2902838068003,214.17106292347532,IBM
2024-09-23,218.0,220.6199951171875,217.27000427246094,220.5,218.7758026123047,4074800,215.62379520050698,214.87909965886456,214.53380208888657,214.2340374217492,IBM
2024-09-24,219.77999877929688,221.19000244140625,218.16000366210938,220.97000122070312,219.24212646484375,3183900,216.4462884343833,215.33027755233408,214.78620205484017,214.30106193716168,IBM
2024-09-25,221.1699981689453,221.85000610351562,220.16000366210938,221.22999572753906,219.50009155273438,2537800,217.18224340256108,215.7672937134604,215.0388998459264,214.3700065519913,IBM
2024-09-26,222.11000061035156,224.0,221.36000061035156,223.42999267578125,221.68289184570312,2673200,218.1434355984411,216.3349010440027,215.36796230984228,214.46015566765092,IBM
2024-09-27,223.0,224.14999389648438,220.77000427246094,220.83999633789062,219.11314392089844,3830300,218.55829109681795,216.6686118065129,215.58255187956965,214.52363666934488,IBM
2024-09-30,220.64999389648438,221.32000732421875,219.02000427246094,221.0800018310547,219.3512725830078,3543400,218.94624659439285,216.99538143796045,215.79813815217693,214.5888741336405,IBM
2024-10-01,220.6300048828125,221.10000610351562,215.89999389648438,219.35000610351562,217.6348114013672,3548400,219.0083634419502,217.16979807985342,215.93742709144513,214.63624858110194,IBM
2024-10-02,218.30999755859375,220.1999969482422,215.8000030517578,219.72999572753906,218.01182556152344,3343400,219.11938379357923,217.35944235005238,216.08615527325276,214.6869326323103,IBM
2024-10-03,219.5,222.8300018310547,219.27000427246094,222.72000122070312,220.97845458984375,3788300,219.67332493621367,217.75652078491538,216.3463060947214,214.76686366304057,IBM
2024-10-04,223.75,226.0800018310547,223.27000427246094,226.0,224.23280334472656,3553800,220.64665956141158,218.36714887492164,216.72488232630096,214.87863616390584,IBM
2024-10-07,225.3800048828125,227.6699981689453,225.02000427246094,227.1199951171875,225.3440399169922,3458000,221.64255733922326,219.0155078558302,217.1325338082965,215.00044073060516,IBM
2024-10-08,228.11000061035156,229.35000610351562,227.0399932861328,228.6199951171875,226.83230590820312,3245100,222.71600930506392,219.7269513566715,217.58302248707653,215.1359586847005,IBM
2024-10-09,229.1999969482422,234.9499969482422,228.5,234.3000030517578,232.4678955078125,5083600,224.49816218917067,220.8064366674186,218.23859035235816,215.32664569332795,IBM
2024-10-10,235.10000610351562,235.8300018310547,231.80999755859375,233.02000427246094,231.19790649414062,3142000,225.8092148173692,221.7111453789032,218.8182536433426,215.50269901252332,IBM
2024-10-11,233.25,233.44000244140625,230.4600067138672,233.25999450683594,231.43601989746094,3469200,226.95548861574866,222.566615684676,219.38459642230313,215.67938851992943,IBM
2024-10-14,233.57000732421875,236.1199951171875,233.1699981689453,235.25999450683594,233.42037963867188,2524400,228.23310490668516,223.50686596779897,220.00716105306913,215.8742204202967,IBM
2024-10-15,236.39999389648438,237.3699951171875,232.7100067138672,232.9600067138672,231.1383819580078,3350600,228.96032056932856,224.20709861565587,220.51511578486512,216.04422824411333,IBM
2024-10-16,232.11000061035156,233.8800048828125,231.1199951171875,233.6699981689453,231.8428192138672,2846700,229.684886353885,224.90805413812177,221.0309935254173,216.2196090393853,IBM
2024-10-17,232.0,233.14999389648438,230.66000366210938,232.8800048828125,231.0590057373047,5040100,230.17644305064306,225.49856900809885,221.495660637472,216.38538412240447,IBM
2024-10-18,231.9199981689453,232.64999389648438,230.1699981689453,232.1999969482422,230.38430786132812,4715700,230.48775903488908,225.9949710777391,221.91543853201202,216.54274345400486,IBM
2024-10-21,231.2100067138672,232.4199981689453,230.25999450683594,231.75,229.93783569335938,2733300,230.68194995259844,226.4212695164251,222.30110760918802,216.69405943953717,IBM
2024-10-22,231.99000549316406,232.97000122070312,230.6699981689453,232.25,230.43392944335938,3180800,230.92318842142944,226.85302733002322,222.69126025196496,216.84884491775074,IBM
2024-10-23,230.41000366210938,233.33999633789062,230.25999450683594,232.75,230.93002319335938,5791000,231.20423635659415,227.28984012039186,223.08572063424086,217.00706536633035,IBM
2024-10-24,220.8000030517578,221.32000732421875,216.16000366210938,218.38999938964844,216.68231201171875,11193400,229.23281528475636,226.6305926588553,222.9015747030804,217.02082590387582,IBM
2024-10-25,216.8000030517578,218.64999389648438,214.38999938964844,214.6699981689453,212.99139404296875,8482200,226.99238188232388,225.74462269663974,222.57876778017314,216.99743458313023,IBM
2024-10-28,215.5,216.25,212.6999969482422,212.91000366210938,211.2451629638672,4993300,224.82586215613702,224.7939101755634,222.19960055985692,216.95676362869222,IBM
2024-10-29,211.99000549316406,213.33999633789062,209.85000610351562,210.42999267578125,208.7845458984375,5258400,222.61111300531306,223.72991628669067,221.738047309501,216.89182063413588,IBM
2024-10-30,209.47999572753906,211.1199951171875,204.25999450683594,204.89999389648438,203.29779052734375,6956600,219.88632545010864,222.33510722074948,221.07773148938273,216.7724989750548,IBM
2024-10-31,204.1300048828125,208.1300048828125,203.50999450683594,206.72000122070312,205.1035614013672,5925300,217.86073710712319,221.17843270222752,220.51468324355216,216.67247412177767,IBM
2024-11-01,207.77000427246094,209.83999633789062,207.41000366210938,208.25,206.62159729003906,3334100,216.38216216756578,220.22077102058105,220.03371527321679,216.5886684091232,IBM
2024-11-04,207.64999389648438,207.6999969482422,205.8000030517578,206.32000732421875,204.70669555664062,2593900,214.83413834551237,219.1910848208505,219.49592280462863,216.48649267693511,IBM
2024-11-05,206.1699981689453,208.1199951171875,205.57000732421875,207.57000732421875,205.94691467285156,2441500,213.71657972685182,218.33026426554446,219.02823984461256,216.39777142964442,IBM
2024-11-06,213.47999572753906,214.3300018310547,210.3699951171875,213.60000610351562,211.9297637939453,3934400,213.69864532326164,217.97987477206084,218.81536793319702,216.36993296868795,IBM
2024-11-07,213.63999938964844,214.52000427246094,211.92999267578125,213.69000244140625,212.01905822753906,3675800,213.69731564913002,217.66210645127163,218.61437320802875,216.3432669932921,IBM
2024-11-08,214.16000366210938,216.6999969482422,212.77999877929688,213.72000122070312,212.048828125,3201000,213.70080573706434,217.37009865641468,218.42243705166305,216.31716484630118,IBM
2024-11-11,214.39999389648438,215.41000366210938,213.47999572753906,213.57000732421875,211.90000915527344,3013000,213.68068290431884,217.08861040958536,218.23214568980248,216.28982994558396,IBM
2024-11-12,211.89999389648438,213.02999877929688,209.05999755859375,210.86000061035156,210.86000061035156,2817800,213.24673178217003,216.6272319059384,217.94304196119657,216.23580179299458,IBM
2024-11-13,209.5,211.41000366210938,209.07000732421875,210.9199981689453,210.9199981689453,3247800,212.88877276475085,216.20447385134634,217.6676284791475,216.18290822459608,IBM
2024-11-14,210.0,210.5,206.35000610351562,208.99000549316406,208.99000549316406,6372900,212.28896241527596,215.6700687877773,217.3273295385207,216.11133705313904,IBM
2024-11-15,207.4600067138672,208.49000549316406,204.07000732421875,204.99000549316406,204.99000549316406,3982800,211.1660459657203,214.8789529881763,216.84351290929104,216.00067703761692,IBM
2024-09-17,193.4499969482422,193.52000427246094,191.55999755859375,191.6999969482422,191.6999969482422,407600,191.6999969482422,191.6999969482422,191.6999969482422,191.6999969482422,CHKP
2024-09-18,191.6300048828125,192.3800048828125,184.22999572753906,188.99000549316406,188.99000549316406,671600,191.28307518592248,191.49925684045863,191.59372277353324,191.67303185913696,CHKP
2024-09-19,192.08999633789062,192.27999877929688,189.6999969482422,191.08999633789062,191.08999633789062,517500,191.25337074776374,191.46894124767582,191.5739687956649,191.66723051066685,CHKP
2024-09-20,191.02000427246094,195.0,190.11000061035156,194.08999633789062,194.08999633789062,1263400,191.68977468470635,191.66309347658063,191.67263654241887,191.69133763332582,CHKP
2024-09-23,193.39999389648438,196.55999755859375,193.39999389648438,195.47000122070312,195.47000122070312,437800,192.27134799793663,191.94508664281193,191.82155280431238,191.7289362759863,CHKP
2024-09-24,194.9199981689453,195.8699951171875,193.55999755859375,195.2899932861328,195.2899932861328,323200,192.73575496535142,192.19285750528013,191.95757007810926,191.76436967907236,CHKP
2024-09-25,195.25,195.5399932861328,193.16000366210938,194.0399932861328,194.0399932861328,426300,192.9364070147024,192.32968237793588,192.0392337333259,191.78701270003813,CHKP
2024-09-26,194.25,195.60000610351562,193.60000610351562,195.0,195.0,284800,193.25388285859435,192.52748368327394,192.15534221437196,191.81898272292335,CHKP
2024-09-27,194.63999938964844,195.75999450683594,192.82000732421875,193.0399932861328,193.0399932861328,348800,193.22097677052335,192.56544735755978,192.19003441326453,191.83113208176127,CHKP
2024-09-30,193.02000427246094,193.83999633789062,191.49000549316406,192.80999755859375,192.80999755859375,469200,193.15774919945724,192.58356218726598,192.21434669347352,191.84087203675463,CHKP
2024-10-01,192.25,193.27000427246094,188.7100067138672,188.99000549316406,188.99000549316406,606500,192.51655786002752,192.3173728025177,192.0879019405202,191.81250520547513,CHKP
2024-10-02,189.25,191.82000732421875,187.6300048828125,191.19000244140625,191.19000244140625,483300,192.31247241100886,192.2338638868798,192.05269019545693,191.8063111481212,CHKP
2024-10-03,190.4199981689453,192.0500030517578,189.38999938964844,190.89999389648438,190.89999389648438,561000,192.09516802415894,192.13505870240607,192.00748641902663,191.79729306601536,CHKP
2024-10-04,191.52999877929688,194.1699981689453,191.1199951171875,193.92999267578125,193.92999267578125,317800,192.37744873979312,192.26801677450794,192.0828788212523,191.81851395765483,CHKP
2024-10-07,194.1699981689453,195.47999572753906,190.82000732421875,191.5,191.5,533500,192.24245662597878,192.21112664306293,192.06002082826203,191.81534466454383,CHKP
2024-10-08,192.2899932861328,197.80999755859375,192.2899932861328,197.5399932861328,197.5399932861328,642000,193.05746226600246,192.60585750551255,192.27492170896284,191.8723063423706,CHKP
2024-10-09,197.5,203.77999877929688,197.16000366210938,203.4199981689453,203.4199981689453,687800,194.6516985587629,193.40690496206312,192.71198353092294,191.98720874860518,CHKP
2024-10-10,201.67999267578125,209.63999938964844,201.67999267578125,209.00999450683594,209.00999450683594,1335700,196.86066716615875,194.56268937278702,193.35112121625286,192.1565897014234,CHKP
2024-10-11,208.17999267578125,210.6999969482422,206.05999755859375,208.5399932861328,208.5399932861328,817700,198.65748656923168,195.59804521822005,193.94676325820896,192.3196086425648,CHKP
2024-10-14,209.5,209.92999267578125,205.14999389648438,208.02000427246094,208.02000427246094,638600,200.09787390819002,196.518190333349,194.49865506268944,192.47583148465333,CHKP
2024-10-15,208.83999633789062,210.38999938964844,206.69000244140625,207.8300018310547,207.8300018310547,680300,201.2874320501692,197.356102296142,195.02145297517436,192.6286092990454,CHKP
2024-10-16,205.88999938964844,208.74000549316406,205.05999755859375,205.8800048828125,205.8800048828125,914900,201.9939817167297,197.98750248774724,195.44727854017978,192.76046398147093,CHKP
2024-10-17,207.77999877929688,209.10000610351562,205.3300018310547,207.44000244140625,207.44000244140625,720500,202.83183105898763,198.68768766949975,195.9175814382671,192.9065290407738,CHKP
2024-10-18,206.8699951171875,207.6300048828125,205.0500030517578,206.22999572753906,206.22999572753906,727900,203.35462562338014,199.24637715528044,196.32198984176796,193.03910084860232,CHKP
2024-10-21,205.0500030517578,206.7100067138672,203.33999633789062,205.27999877929688,205.27999877929688,667100,203.65083687813654,199.69331209039277,196.67328430990636,193.16090082801222,CHKP
2024-10-22,205.1999969482422,208.17999267578125,204.3000030517578,207.32000732421875,207.32000732421875,1015400,204.21532463907226,200.2582524780836,197.09080285948727,193.30178745981527,CHKP
2024-10-23,207.2899932861328,208.39999389648438,205.17999267578125,205.3800048828125,205.3800048828125,698200,204.3945062150323,200.63764154510056,197.4158696055,193.42196872770577,CHKP
2024-10-24,205.61000061035156,207.27999877929688,205.1999969482422,205.39999389648438,205.39999389648438,417100,204.54919662756336,200.99040838594382,197.72897251887193,193.54115305774337,CHKP
2024-10-25,205.6300048828125,208.49000549316406,205.6300048828125,207.16000366210938,207.16000366210938,514000,204.95085924826276,201.44741544343756,198.09881687743027,193.67666400903062,CHKP
2024-10-28,207.97000122070312,209.13999938964844,206.8699951171875,207.9600067138672,207.9600067138672,1065500,205.41380501220192,201.92982961161752,198.48553020434937,193.8187868220141,CHKP
2024-10-29,189.0,189.0,175.00999450683594,177.8699951171875,177.8699951171875,3401400,201.17629579758432,200.14761964906714,197.6770778479901,193.66009237718995,CHKP
2024-10-30,175.0500030517578,177.05999755859375,172.4499969482422,173.88999938964844,173.88999938964844,1291300,196.97840404251724,198.20261074096206,196.74425124178063,193.46337503403035,CHKP
2024-10-31,174.85000610351562,175.6199951171875,172.13999938964844,173.2100067138672,173.2100067138672,918100,193.3217275304172,196.35130673895503,195.82133969166637,193.2618489810934,CHKP
2024-11-01,173.19000244140625,174.38999938964844,170.41000366210938,170.5,170.5,860100,189.81069252573764,194.43639512866207,194.8283459782677,193.03536292158006,CHKP
2024-11-04,170.0,171.5,169.02000427246094,170.17999267578125,170.17999267578125,725800,186.79058485651356,192.63962457659682,193.86174388797411,192.8079463022189,CHKP
2024-11-05,170.36000061035156,172.6699981689453,169.55999755859375,171.0399932861328,171.0399932861328,844200,184.36741692260884,191.0396518884143,192.96677327613722,192.59134975479517,CHKP
2024-11-06,174.33999633789062,174.57000732421875,170.77000427246094,174.00999450683594,174.00999450683594,940400,182.77396732018224,189.77819578607517,192.223370187145,192.4064606478503,CHKP
2024-11-07,174.3300018310547,177.38999938964844,173.7899932861328,176.8699951171875,176.8699951171875,789400,181.8656639043369,188.82203277356496,191.62127704714666,192.2518689510278,CHKP
2024-11-08,176.61000061035156,178.22000122070312,175.5800018310547,176.02999877929688,176.02999877929688,714600,180.96786926971535,187.87447469991545,191.0098543699761,192.090457307528,CHKP
2024-11-11,176.4600067138672,178.60000610351562,175.27999877929688,178.25999450683594,178.25999450683594,880200,180.55127315234927,187.16229098190956,190.50985986553925,191.9528407622475,CHKP
2024-11-12,177.25,178.33999633789062,174.94000244140625,177.80999755859375,177.80999755859375,746100,180.12953844561764,186.4695285061084,190.0118260495806,191.81211595425094,CHKP
2024-11-13,177.80999755859375,179.8699951171875,175.89999389648438,177.2100067138672,177.2100067138672,897500,179.68037971765602,185.78363800297942,189.5097939187683,191.66682133494365,CHKP
2024-11-14,177.0,178.0,175.83999633789062,177.5500030517578,177.5500030517578,535100,179.35262946136402,185.17373911770375,189.04078251221887,191.5263554813796,CHKP
2024-11-15,176.89999389648438,176.89999389648438,173.05999755859375,174.25,174.25,598700,178.5676095442311,184.36457325713312,188.4607518254652,191.354451446739,CHKP
